cognom,name_Complet,nom,club,dorsal,position,Height,Born,Nationality,G,Pts,Avg,2FG,2FG_%,3FG,3FG_%,FT,FT_%,Reb,St,As,Bl
ABALDE,"ABALDE, ALBERTO",ALBERTO,Real Madrid,6,Forward,2.02,"15 December, 1995",Spain,52,401,7.7,96/194,49.5,50/118,42.4,59/76,77.6,3,0.4,1.7,0
ABRINES,"ABRINES, ALEX",ALEX,FC Barcelona,21,Forward,1.98,"1 August, 1993",Spain,126,850,6.7,138/242,57,152/398,38.2,118/144,81.9,1.7,0.5,0.7,0.2
ALBER,"ALBER, EIDAN",EIDAN,Maccabi Playtika Tel Aviv,24,Guard,1.94,"25 January, 2000",Israel,4,53,13.3,15/36,41.7,4/17,23.5,11/13,84.6,6.5,2.3,4.3,0
ALOCEN,"ALOCEN, CARLOS",CARLOS,Real Madrid,12,Guard,1.94,"30 December, 2000",Spain,3,4,1.3,2/3,66.7,0/3,0,0/0,0,0.3,0.3,1,0
AMAIZE,"AMAIZE, ROBIN",ROBIN,FC Bayern Munich,15,Forward,1.88,"31 January, 1994",Germany,17,12,0.7,1/4,25,3/8,37.5,1/2,50,0.2,0.1,0.2,0
ANDERSON,"ANDERSON, JAMES",JAMES,Anadolu Efes Istanbul,23,Forward,1.98,"25 March, 1989",United States of America,158,1240,7.8,261/540,48.3,186/528,35.2,160/205,78,3.2,0.5,1.1,0.3
ANTONOV,"ANTONOV, SEMEN",SEMEN,CSKA Moscow,11,Forward,2.02,"18 July, 1989",Russian Federation,128,444,3.5,93/197,47.2,70/190,36.8,48/67,71.6,1.8,0.3,0.6,0.4
ATIAS,"ATIAS, YONATAN",YONATAN,Maccabi Playtika Tel Aviv,25,Center,2.05,"26 January, 2001",Israel,11,67,6.1,28/68,41.2,0/0,0,11/15,73.3,4.1,0.3,0.9,1.2
AUGUSTE,"AUGUSTE, ZACH",ZACH,Panathinaikos OPAP Athens,8,Center,2.08,"8 July, 1993",Greece,17,34,2,16/25,64,0/0,0,2/10,20,1.5,0.4,0.2,0.2
BADIO,"BADIO, BRANCOU",BRANCOU,FC Barcelona,25,Guard,1.91,"17 February, 1999",Senegal,4,17,4.3,7/16,43.8,1/1,100,0/0,0,0.8,0.3,1,0.3
BADJI,"BADJI, IBOU",IBOU,FC Barcelona,17,Center,2.15,"13 October, 2002",Senegal,4,32,8,15/34,44.1,0/1,0,2/8,25,8.8,1,0.3,5
BAKO,"BAKO, ISMAEL",ISMAEL,LDLC ASVEL Villeurbanne,21,Center,2.08,"10 October, 1995",Belgium,26,93,3.6,33/65,50.8,0/0,0,27/33,81.8,2,0.3,0.3,0.9
BALBAY,"BALBAY, DOGUS",DOGUS,Anadolu Efes Istanbul,4,Guard,1.85,"21 January, 1989",Turkey,184,306,1.7,102/225,45.3,28/96,29.2,18/35,51.4,1.2,0.5,1,0.1
BALDWIN IV,"BALDWIN IV, WADE",WADE,FC Bayern Munich,2,Guard,1.93,"29 March, 1996",United States of America,28,182,6.5,59/115,51.3,9/40,22.5,37/57,64.9,1.9,0.8,2,0
BARON,"BARON, BILLY",BILLY,Zenit St Petersburg,12,Guard,1.88,"11 December, 1990",United States of America,28,319,11.4,47/106,44.3,58/145,40,51/61,83.6,2.9,0.8,2.2,0
BARTHEL,"BARTHEL, DANILO",DANILO,Fenerbahce Beko Istanbul,22,Forward,2.08,"24 October, 1991",Germany,60,470,7.8,131/235,55.7,41/117,35,85/115,73.9,3.9,0.4,1.6,0.2
BEAUBOIS,"BEAUBOIS, RODRIGUE",RODRIGUE,Anadolu Efes Istanbul,1,Guard,1.90,"24 February, 1988",France,138,1505,10.9,328/624,52.6,232/591,39.3,153/172,89,1.7,0.6,1.9,0.4
BENDER,"BENDER, DRAGAN",DRAGAN,Maccabi Playtika Tel Aviv,17,Forward,2.11,"17 November, 1997",Croatia,11,27,2.5,8/14,57.1,3/13,23.1,2/4,50,1.8,0.3,0.5,0.4
BENTIL,"BENTIL, BEN",BEN,Panathinaikos OPAP Athens,50,Forward,2.04,"29 March, 1995",Ghana,26,83,3.2,16/36,44.4,7/24,29.2,30/37,81.1,1.9,0.2,0.4,0
BERTANS,"BERTANS, DAIRIS",DAIRIS,Khimki Moscow Region,45,Guard,1.92,"9 September, 1989",Latvia,105,660,6.3,70/166,42.2,141/314,44.9,97/116,83.6,0.8,0.4,1.2,0
BIBEROVIC,"BIBEROVIC, TARIK",TARIK,Fenerbahce Beko Istanbul,13,Forward,2.01,"28 January, 2001",Turkey,15,32,2.1,13/30,43.3,1/16,6.3,3/6,50,1.5,0.1,0.5,0.1
BILIGHA,"BILIGHA, PAUL",PAUL,AX Armani Exchange Milan,19,Center,2.00,"31 May, 1990",Italy,13,38,2.9,14/34,41.2,0/4,0,10/11,90.9,2.3,0.2,0.4,0.8
BLAYZER,"BLAYZER, OZ",OZ,Maccabi Playtika Tel Aviv,14,Forward,2.00,"29 December, 1992",Israel,4,19,4.8,4/6,66.7,3/8,37.5,2/4,50,1.5,0.8,0.5,0
BLAZEVIC,"BLAZEVIC, MAREK",MAREK,Zalgiris Kaunas,1,Center,2.09,"1 September, 2001",Lithuania,15,47,3.1,19/42,45.2,0/0,0,9/18,50,2.7,0.2,0.4,0.1
BOCHORIDIS,"BOCHORIDIS, ELEFTHERIOS",ELEFTHERIOS,Panathinaikos OPAP Athens,7,Guard,1.96,"18 April, 1994",Greece,25,54,2.2,10/30,33.3,9/18,50,7/10,70,0.8,0.2,0.9,0
BOLMARO,"BOLMARO, LEANDRO",LEANDRO,FC Barcelona,9,Guard,1.98,"11 September, 2000",Italy,8,13,1.6,5/15,33.3,0/6,0,3/3,100,0.6,0.8,1.8,0
BOLOMBOY,"BOLOMBOY, JOEL",JOEL,CSKA Moscow,3,Forward,2.04,"28 January, 1994",Russian Federation,59,245,4.2,71/126,56.3,21/59,35.6,40/57,70.2,3.1,0.3,0.4,0.4
BONILLA,"BONILLA, GAEL",GAEL,FC Barcelona,50,Forward,2.02,"26 February, 2003",Mexico,7,44,6.3,17/33,51.5,2/11,18.2,4/11,36.4,4.4,1.4,2.7,2
BOOKER,"BOOKER, DEVIN",DEVIN,Khimki Moscow Region,31,Center,2.05,"28 February, 1991",United States of America,48,534,11.1,191/317,60.3,24/59,40.7,80/103,77.7,4.6,0.7,1.3,0.3
BRAY,"BRAY, THOMAS",THOMAS,FC Bayern Munich,5,Guard,1.96,"14 June, 1992",United States of America,14,72,5.1,11/26,42.3,14/37,37.8,8/9,88.9,1.4,0.6,2.3,0
BRENNEKE,"BRENNEKE, LORENZ",LORENZ,ALBA Berlin,11,Forward,2.04,"2 January, 2000",Germany,2,0,0,0/0,0,0/0,0,0/0,0,0,0,0,0
BROOKS,"BROOKS, JEFF",JEFF,AX Armani Exchange Milan,32,Forward,2.03,"12 June, 1989",United States of America,96,643,6.7,198/361,54.8,55/142,38.7,82/111,73.9,4.7,0.7,1,0.3
BROWN,"BROWN, LORENZO",LORENZO,Fenerbahce Beko Istanbul,4,Guard,1.96,"26 August, 1990",United States of America,31,384,12.4,117/253,46.2,26/88,29.5,72/87,82.8,3.2,1.1,4.6,0.3
BRYANT,"BRYANT, ELIJAH",ELIJAH,Maccabi Playtika Tel Aviv,0,Guard,1.96,"19 April, 1995",United States of America,31,257,8.3,66/118,55.9,37/94,39.4,14/19,73.7,2.9,0.8,1.9,0.1
CALATHES,"CALATHES, NICK",NICK,FC Barcelona,99,Guard,1.96,"7 February, 1989",Greece,215,2166,10.1,667/1307,51,190/673,28.2,262/475,55.2,3.6,1.4,6,0.1
CALOIARO,"CALOIARO, ANGELO",ANGELO,Maccabi Playtika Tel Aviv,4,Forward,2.03,"28 July, 1989",United States of America,52,356,6.8,83/136,61,36/113,31.9,82/101,81.2,4,1.1,1.4,0.1
CAMPAZZO,"CAMPAZZO, FACUNDO",FACUNDO,Real Madrid,7,Guard,1.81,"23 March, 1991",Argentina,107,878,8.2,145/323,44.9,128/366,35,204/237,86.1,2.3,1.4,5.1,0
CANDAN,"CANDAN, BERKAY",BERKAY,Fenerbahce Beko Istanbul,32,Forward,2.05,"22 May, 1993",Turkey,1,0,0,0/0,0,0/0,0,0/0,0,0,0,0,0
CARROLL,"CARROLL, JAYCEE",JAYCEE,Real Madrid,20,Guard,1.88,"16 April, 1983",United States of America,245,2331,9.5,438/820,53.4,393/928,42.3,276/304,90.8,1.6,0.3,0.7,0.1
CAUSEUR,"CAUSEUR, FABIEN",FABIEN,Real Madrid,1,Forward,1.95,"16 June, 1987",France,220,1707,7.8,432/763,56.6,202/526,38.4,237/321,73.8,2.2,0.6,1.8,0.1
CHARALAMPOPOULOS,"CHARALAMPOPOULOS, VASILIS",VASILIS,Olympiacos Piraeus,4,Forward,2.02,"6 January, 1997",Greece,29,42,1.4,8/16,50,6/15,40,8/11,72.7,1.1,0.2,0.5,0.1
CHRISTIDIS,"CHRISTIDIS, VASILEIOS",VASILEIOS,Olympiacos Piraeus,41,Forward,2.00,"10 July, 1998",Greece,,,,,,,,,,,,,
CINCIARINI,"CINCIARINI, ANDREA",ANDREA,AX Armani Exchange Milan,20,Guard,1.93,"21 June, 1986",Italy,99,413,4.2,117/247,47.4,34/98,34.7,77/113,68.1,2,0.5,1.8,0
CLAVER,"CLAVER, VICTOR",VICTOR,FC Barcelona,30,Forward,2.08,"30 August, 1988",Spain,151,1014,6.7,233/425,54.8,126/324,38.9,170/208,81.7,4,0.8,1.3,0.3
CLYBURN,"CLYBURN, WILL",WILL,CSKA Moscow,21,Forward,2.01,"17 May, 1990",United States of America,113,1463,12.9,412/851,48.4,104/296,35.1,327/459,71.2,5.8,0.9,1.5,0.2
COHEN,"COHEN, SANDY",SANDY,Maccabi Playtika Tel Aviv,6,Guard,1.98,"22 September, 1995",United States of America,15,16,1.1,6/11,54.5,0/3,0,4/5,80,0.6,0.1,0.3,0.1
COLE,"COLE, NORRIS",NORRIS,LDLC ASVEL Villeurbanne,30,Guard,1.88,"13 October, 1988",United States of America,45,623,13.8,197/415,47.5,43/127,33.9,100/122,82,2.6,0.9,4.1,0
DATOME,"DATOME, LUIGI",LUIGI,AX Armani Exchange Milan,70,Forward,2.03,"27 November, 1987",Italy,208,1847,8.9,379/739,51.3,278/640,43.4,255/279,91.4,3.5,0.5,1,0.3
DAVIDOVAC,"DAVIDOVAC, DEJAN",DEJAN,Crvena Zvezda mts Belgrade,7,Forward,2.02,"17 January, 1995",Serbia,51,326,6.4,68/118,57.6,39/100,39,73/93,78.5,2.5,0.7,0.8,0.3
DAVIES,"DAVIES, BRANDON",BRANDON,FC Barcelona,0,Center,2.08,"25 July, 1991",Uganda,102,1143,11.2,416/745,55.8,5/13,38.5,296/371,79.8,4.3,1,1.5,0.5
DE COLO,"DE COLO, NANDO",NANDO,Fenerbahce Beko Istanbul,19,Guard,1.96,"23 June, 1987",France,196,3140,16,723/1350,53.6,301/700,43,791/840,94.2,2.9,1.1,3.5,0.1
DECK,"DECK, GABRIEL",GABRIEL,Real Madrid,14,Forward,1.98,"8 February, 1995",Argentina,59,323,5.5,106/191,55.5,13/51,25.5,72/94,76.6,2.8,0.3,1,0.1
DEDOVIC,"DEDOVIC, NIHAD",NIHAD,FC Bayern Munich,14,Guard,1.99,"12 January, 1990",Germany,128,1235,9.6,339/663,51.1,116/379,30.6,209/260,80.4,2.9,1,2.4,0.1
DELANEY,"DELANEY, MALCOLM",MALCOLM,AX Armani Exchange Milan,23,Guard,1.91,"11 March, 1989",United States of America,85,1137,13.4,161/364,44.2,171/427,40,302/368,82.1,3,0.8,5,0.1
DELOW,"DELOW, MALTE",MALTE,ALBA Berlin,6,Guard,1.94,"22 April, 2001",Germany,6,7,1.2,2/3,66.7,1/2,50,0/0,0,0,0.2,0.2,0
DIOP,"DIOP, ILIMANE",ILIMANE,TD Systems Baskonia Vitoria-Gasteiz,12,Center,2.11,"4 April, 1995",Spain,169,576,3.4,182/334,54.5,13/45,28.9,173/229,75.5,2.2,0.2,0.3,0.5
DIOT,"DIOT, ANTOINE",ANTOINE,LDLC ASVEL Villeurbanne,8,Guard,1.93,"17 January, 1989",France,57,268,4.7,45/107,42.1,44/131,33.6,46/61,75.4,1.5,0.8,2.6,0.1
DIPLAROS,"DIPLAROS, NIKOS",NIKOS,Panathinaikos OPAP Athens,12,Guard,1.90,"28 June, 1997",Greece,3,0,0,0/0,0,0/2,0,0/0,0,0,0,0.3,0
DOBRIC,"DOBRIC, OGNJEN",OGNJEN,Crvena Zvezda mts Belgrade,13,Guard,2.00,"27 October, 1994",Serbia,64,313,4.9,68/119,57.1,48/137,35,33/45,73.3,1.7,0.6,0.5,0.1
DORSEY,"DORSEY, TYLER",TYLER,Maccabi Playtika Tel Aviv,11,Guard,1.96,"18 February, 1996",United States of America,32,315,9.8,47/125,37.6,56/149,37.6,53/73,72.6,2.6,1,1.5,0.1
DRAGIC,"DRAGIC, ZORAN",ZORAN,TD Systems Baskonia Vitoria-Gasteiz,30,Forward,1.96,"22 June, 1989",Slovenia,112,893,8,225/435,51.7,93/305,30.5,164/226,72.6,2.5,0.7,1.1,0.1
DUBLJEVIC,"DUBLJEVIC, BOJAN",BOJAN,Valencia Basket,14,Center,2.05,"24 October, 1991",Montenegro,61,794,13,206/368,56,72/190,37.9,166/199,83.4,5.5,0.6,1.4,0.2
DUNSTON,"DUNSTON, BRYANT",BRYANT,Anadolu Efes Istanbul,42,Center,2.03,"28 May, 1986",United States of America,196,1825,9.3,692/1112,62.2,4/20,20,429/659,65.1,5.2,0.8,1.1,1.3
DUVERIOGLU,"DUVERIOGLU, AHMET",AHMET,Fenerbahce Beko Istanbul,44,Center,2.09,"4 March, 1993",Turkey,96,284,3,124/188,66,0/0,0,36/72,50,2.1,0.3,0.5,0.3
EDDIE,"EDDIE, JARELL",JARELL,Fenerbahce Beko Istanbul,31,Forward,2.01,"30 October, 1991",United States of America,4,26,6.5,1/3,33.3,8/12,66.7,0/0,0,2.5,0.3,0.5,0
ELLIS,"ELLIS, OCTAVIUS",OCTAVIUS,Olympiacos Piraeus,32,Center,2.08,"10 March, 1993",United States of America,11,79,7.2,33/41,80.5,0/0,0,13/18,72.2,5.8,0.8,0.5,0.8
ERIKSSON,"ERIKSSON, MARCUS",MARCUS,ALBA Berlin,8,Guard,2.01,"5 December, 1993",Sweden,80,654,8.2,84/179,46.9,141/329,42.9,63/71,88.7,1.4,0.6,0.7,0.1
FALL,"FALL, MOUSTAPHA",MOUSTAPHA,LDLC ASVEL Villeurbanne,10,Center,2.18,"23 February, 1992",France,2,24,12,9/12,75,0/0,0,6/11,54.5,5.5,0.5,0.5,2
FALL,"FALL, YOUSSOUPHA",YOUSSOUPHA,TD Systems Baskonia Vitoria-Gasteiz,19,Center,2.21,"12 January, 1995",Senegal,31,163,5.3,67/110,60.9,0/0,0,29/64,45.3,4.4,0.2,0.1,0.6
FERNANDEZ,"FERNANDEZ, RUDY",RUDY,Real Madrid,5,Forward,1.96,"4 April, 1985",Spain,247,2531,10.2,349/728,47.9,456/1241,36.7,465/557,83.5,3.1,1.2,2.7,0.2
FERRANDO,"FERRANDO, GUILLEM",GUILLEM,Valencia Basket,45,Guard,1.85,"8 January, 2002",Spain,1,0,0,0/2,0,0/0,0,0/0,0,1,0,1,0
FLACCADORI,"FLACCADORI, DIEGO",DIEGO,FC Bayern Munich,12,Guard,1.93,"5 April, 1996",Italy,22,42,1.9,14/31,45.2,2/14,14.3,8/11,72.7,0.5,0.1,0.6,0.1
FONTECCHIO,"FONTECCHIO, SIMONE",SIMONE,ALBA Berlin,20,Forward,2.03,"9 December, 1995",Italy,21,82,3.9,20/35,57.1,12/32,37.5,6/6,100,1.5,0.4,0.5,0
FOSTER,"FOSTER, MARCUS",MARCUS,Panathinaikos OPAP Athens,17,Guard,1.91,"3 June, 1995",United States of America,3,49,16.3,12/22,54.5,6/12,50,7/11,63.6,2.7,1.3,2.3,0
FREEMAN,"FREEMAN, ALLERIK",ALLERIK,LDLC ASVEL Villeurbanne,2,Guard,1.90,"30 October, 1994",United States of America,2,8,4,1/5,20,1/5,20,3/3,100,1,0.5,0.5,0
FRIDZON,"FRIDZON, VITALY",VITALY,Zenit St Petersburg,7,Guard,1.94,"14 October, 1985",Russian Federation,197,1336,6.8,232/486,47.7,211/502,42,239/281,85.1,1.8,0.6,1.1,0.1
GARINO,"GARINO, PATRICIO",PATRICIO,Zalgiris Kaunas,7,Forward,2.01,"17 May, 1993",Italy,51,271,5.3,57/113,50.4,30/83,36.1,67/79,84.8,1.9,0.8,0.5,0.1
GARUBA,"GARUBA, USMAN",USMAN,Real Madrid,16,Center,2.03,"9 March, 2002",Spain,18,70,3.9,26/37,70.3,3/9,33.3,9/18,50,3.3,0.9,0.4,0.6
GAZI,"GAZI, ERTEN",ERTEN,Anadolu Efes Istanbul,11,Guard,1.90,"15 June, 1997",Turkey,2,1,0.5,0/0,0,0/1,0,1/2,50,0.5,0,1.5,0
GEBEN,"GEBEN, MARTINAS",MARTINAS,Zalgiris Kaunas,23,Center,2.08,"20 October, 1994",Lithuania,24,87,3.6,36/59,61,0/0,0,15/20,75,2.2,0.4,0.3,0.3
GECIM,"GECIM, TOLGA",TOLGA,Anadolu Efes Istanbul,8,Forward,2.06,"27 March, 1996",Turkey,10,3,0.3,0/8,0,1/11,9.1,0/0,0,0.7,0,0.7,0
GEORGE,"GEORGE, JASON",JASON,FC Bayern Munich,1,Guard,1.98,"21 May, 2001",Germany,1,0,0,0/0,0,0/1,0,0/0,0,0,0,0,0
GIEDRAITIS,"GIEDRAITIS, ROKAS",ROKAS,TD Systems Baskonia Vitoria-Gasteiz,31,Forward,2.00,"16 August, 1992",Lithuania,28,402,14.4,73/133,54.9,60/147,40.8,76/90,84.4,4,1.5,1.4,0.1
GIFFEY,"GIFFEY, NIELS",NIELS,ALBA Berlin,5,Forward,2.00,"8 June, 1991",Germany,56,393,7,91/186,48.9,55/122,45.1,46/59,78,2.3,0.7,0.8,0.2
GRANGER,"GRANGER, JAYSON",JAYSON,ALBA Berlin,33,Guard,1.89,"15 September, 1989",Italy,152,1396,9.2,344/770,44.7,164/472,34.7,216/287,75.3,2.4,0.7,4,0.1
GRANT,"GRANT, SASHA",SASHA,FC Bayern Munich,44,Forward,1.98,"15 February, 2002",Italy,4,0,0,0/0,0,0/0,0,0/0,0,0,0,0,0.3
GRIGONIS,"GRIGONIS, MARIUS",MARIUS,Zalgiris Kaunas,40,Guard,1.98,"26 April, 1994",Lithuania,48,467,9.7,86/175,49.1,59/138,42.8,118/128,92.2,2.3,0.5,2.1,0
GUDAITIS,"GUDAITIS, ARTURAS",ARTURAS,Zenit St Petersburg,77,Center,2.08,"19 June, 1993",Lithuania,97,869,9,270/449,60.1,3/10,30,320/437,73.2,5.4,0.5,0.4,1
HACKETT,"HACKETT, DANIEL",DANIEL,CSKA Moscow,10,Guard,1.93,"19 December, 1987",Italy,196,1626,8.3,358/780,45.9,171/481,35.6,397/519,76.5,2.6,0.8,3,0
HALL,"HALL, LANGSTON",LANGSTON,Crvena Zvezda mts Belgrade,1,Guard,1.92,"1 November, 1991",United States of America,3,28,9.3,8/19,42.1,4/8,50,0/0,0,2,1,5.7,0.7
HAMILTON,"HAMILTON, JOHNATHAN",JOHNATHAN,Fenerbahce Beko Istanbul,2,Center,2.13,"3 February, 1994",Trinidad and Tobago,4,4,1,2/5,40,0/0,0,0/0,0,2.3,0,0,1
HANGA,"HANGA, ADAM",ADAM,FC Barcelona,8,Forward,2.00,"12 April, 1989",Hungary,160,1295,8.1,342/624,54.8,129/416,31,224/323,69.3,3.8,1,2.2,0.6
HARRISON,"HARRISON, AARON",AARON,Olympiacos Piraeus,2,Guard,1.98,"28 October, 1994",United States of America,4,43,10.8,8/18,44.4,8/23,34.8,3/5,60,2.5,0.8,2,0.3
HAYES,"HAYES, KEVARRIUS",KEVARRIUS,LDLC ASVEL Villeurbanne,13,Forward,2.05,"5 March, 1997",United States of America,1,4,4,2/2,100,0/1,0,0/0,0,4,0,1,2
HAYES,"HAYES, NIGEL",NIGEL,Zalgiris Kaunas,10,Forward,2.03,"16 December, 1994",United States of America,32,218,6.8,39/86,45.3,36/98,36.7,32/41,78,3.8,0.5,0.9,0.2
HENRY,"HENRY, PIERRIA",PIERRIA,TD Systems Baskonia Vitoria-Gasteiz,7,Guard,1.93,"20 January, 1993",United States of America,28,226,8.1,58/119,48.7,20/69,29,50/67,74.6,3.5,1.6,3.7,0
HERMANNSSON,"HERMANNSSON, MARTIN",MARTIN,Valencia Basket,24,Guard,1.90,"16 September, 1994",Iceland,30,306,10.2,86/197,43.7,29/90,32.2,47/57,82.5,1.5,0.5,4.6,0
HEURTEL,"HEURTEL, THOMAS",THOMAS,FC Barcelona,13,Guard,1.89,"10 April, 1989",France,218,2174,10,579/1125,51.5,232/606,38.3,320/400,80,2.1,0.7,5.5,0
HIGGINS,"HIGGINS, CORY",CORY,FC Barcelona,22,Guard,1.95,"14 June, 1989",United States of America,156,1894,12.1,457/892,51.2,184/406,45.3,428/505,84.8,2.2,0.7,1.9,0.2
HILLIARD,"HILLIARD, DARRUN",DARRUN,CSKA Moscow,6,Guard,1.98,"13 April, 1993",United States of America,65,633,9.7,110/243,45.3,99/270,36.7,116/148,78.4,2.6,0.6,1.2,0.1
HINES,"HINES, KYLE",KYLE,AX Armani Exchange Milan,42,Center,1.98,"2 September, 1986",United States of America,285,2480,8.7,975/1589,61.4,1/8,12.5,527/811,65,4.6,0.7,1,0.8
HOLLINS,"HOLLINS, AUSTIN",AUSTIN,Zenit St Petersburg,9,Guard,1.93,"8 November, 1991",United States of America,28,285,10.2,47/82,57.3,52/150,34.7,35/39,89.7,2.1,1.3,1.4,0.3
HOWARD,"HOWARD, WILLIAM",WILLIAM,LDLC ASVEL Villeurbanne,25,Forward,2.03,"25 October, 1993",France,2,6,3,0/0,0,2/3,66.7,0/0,0,3.5,0.5,1,0
HUNTER,"HUNTER, OTHELLO",OTHELLO,Maccabi Playtika Tel Aviv,5,Center,2.03,"28 May, 1986",United States of America,193,1607,8.3,681/1133,60.1,1/12,8.3,242/351,68.9,5.3,0.6,0.7,0.4
JAGODIC-KURIDZA,"JAGODIC-KURIDZA, MARKO",MARKO,Crvena Zvezda mts Belgrade,21,Forward,2.05,"15 May, 1987",Serbia,11,44,4,16/32,50,2/10,20,6/10,60,2.5,0.1,1.4,0.5
JAMES,"JAMES, MIKE",MIKE,CSKA Moscow,5,Guard,1.85,"18 August, 1990",United States of America,144,2253,15.6,509/1007,50.5,258/749,34.4,461/571,80.7,2.9,0.9,3.9,0.1
JANKUNAS,"JANKUNAS, PAULIUS",PAULIUS,Zalgiris Kaunas,13,Forward,2.05,"29 April, 1984",Lithuania,345,3057,8.9,967/1768,54.7,140/479,29.2,703/893,78.7,5.3,0.6,1.1,0.3
JEAN-CHARLES,"JEAN-CHARLES, LIVIO",LIVIO,Olympiacos Piraeus,17,Forward,2.05,"8 November, 1993",France,29,247,8.5,84/147,57.1,15/49,30.6,34/39,87.2,3.6,0.4,0.6,0.6
JEKIRI,"JEKIRI, TONYE",TONYE,TD Systems Baskonia Vitoria-Gasteiz,5,Center,2.12,"23 July, 1994",Nigeria,30,244,8.1,94/190,49.5,0/3,0,56/85,65.9,7.3,0.7,1.3,0.3
JENKINS,"JENKINS, CHARLES",CHARLES,Olympiacos Piraeus,22,Guard,1.91,"28 February, 1989",United States of America,164,1086,6.6,244/541,45.1,153/376,40.7,139/171,81.3,1.9,1.2,1.7,0.1
JEREBKO,"JEREBKO, JONAS",JONAS,Khimki Moscow Region,33,Center,2.08,"2 March, 1987",Sweden,32,375,11.7,97/173,56.1,42/106,39.6,55/67,82.1,5.3,0.8,1.8,0.4
JIMENEZ,"JIMENEZ, MILLAN",MILLAN,Valencia Basket,42,Guard,1.98,"16 September, 2002",Spain,1,0,0,0/0,0,0/0,0,0/0,0,0,0,0,0
JOHNSON,"JOHNSON, JAJUAN",JAJUAN,FC Bayern Munich,25,Forward,2.08,"8 February, 1989",United States of America,4,17,4.3,8/16,50,0/1,0,1/2,50,2.8,0.8,0.3,0.5
JOKUBAITIS,"JOKUBAITIS, ROKAS",ROKAS,Zalgiris Kaunas,31,Guard,1.93,"19 November, 2000",Lithuania,26,82,3.2,25/45,55.6,6/18,33.3,14/17,82.4,0.8,0.2,1.3,0
JONES,"JONES, CHRIS",CHRIS,Maccabi Playtika Tel Aviv,3,Guard,1.88,"10 April, 1993",United States of America,4,31,7.8,8/18,44.4,5/9,55.6,0/2,0,2.5,0.5,4.5,0.3
JOVIC,"JOVIC, STEFAN",STEFAN,Khimki Moscow Region,24,Guard,1.98,"3 November, 1990",Serbia,115,781,6.8,216/428,50.5,86/229,37.6,91/133,68.4,2.3,1.2,4.7,0.1
KAHUDI,"KAHUDI, CHARLES",CHARLES,LDLC ASVEL Villeurbanne,5,Forward,1.96,"19 July, 1986",France,25,174,7,38/78,48.7,24/70,34.3,26/31,83.9,2.9,0.6,0.8,0.1
KALAITZAKIS,"KALAITZAKIS, GEORGIOS",GEORGIOS,Panathinaikos OPAP Athens,16,Guard,2.01,"2 January, 1999",Greece,3,2,0.7,1/2,50,0/1,0,0/0,0,0,0,0,0
KALINIC,"KALINIC, NIKOLA",NIKOLA,Valencia Basket,12,Forward,2.02,"8 November, 1991",Serbia,169,1245,7.4,333/631,52.8,118/349,33.8,225/299,75.3,3,0.7,1.6,0.2
KARASEV,"KARASEV, SERGEY",SERGEY,Khimki Moscow Region,7,Forward,2.01,"26 October, 1993",Russian Federation,25,92,3.7,13/33,39.4,18/48,37.5,12/12,100,1.4,0.4,0.9,0.1
KARVANEN,"KARVANEN, MAXIM",MAXIM,Zenit St Petersburg,17,Forward,2.04,"30 October, 1999",Russian Federation,,,,,,,,,,,,,
KASELAKIS,"KASELAKIS, LEONIDAS",LEONIDAS,Panathinaikos OPAP Athens,14,Forward,2.00,"1 June, 1990",Greece,3,12,4,2/3,66.7,1/5,20,5/7,71.4,3.7,0,0.7,0
KHOMENKO,"KHOMENKO, ALEXANDER",ALEXANDER,CSKA Moscow,4,Guard,1.92,"25 January, 1999",Russian Federation,2,2,1,1/1,100,0/1,0,0/0,0,0,0,0,0
KHVOSTOV,"KHVOSTOV, DMITRY",DMITRY,Zenit St Petersburg,13,Guard,1.90,"21 August, 1989",Russian Federation,72,217,3,43/104,41.3,29/105,27.6,44/58,75.9,0.8,0.3,2,0
KING,"KING, ALEX",ALEX,FC Bayern Munich,7,Forward,2.00,"20 February, 1985",Germany,65,164,2.5,32/63,50.8,31/105,29.5,7/24,29.2,1.3,0.3,0.5,0
KONIARIS,"KONIARIS, ANTONIOS",ANTONIOS,Olympiacos Piraeus,6,Guard,1.96,"30 September, 1997",Greece,25,81,3.2,8/26,30.8,20/48,41.7,5/6,83.3,1.4,0.6,1.4,0
KURBANOV,"KURBANOV, NIKITA",NIKITA,CSKA Moscow,41,Forward,2.02,"5 October, 1986",Russian Federation,232,1081,4.7,239/448,53.3,118/295,40,249/295,84.4,3.1,0.5,0.9,0.3
KURIC,"KURIC, KYLE",KYLE,FC Barcelona,24,Forward,1.93,"25 August, 1989",Slovakia,63,552,8.8,91/180,50.6,101/241,41.9,67/76,88.2,2.1,0.7,0.9,0.1
KURUCS,"KURUCS, ARTURS",ARTURS,TD Systems Baskonia Vitoria-Gasteiz,47,Guard,1.90,"19 January, 2000",Latvia,3,0,0,0/1,0,0/1,0,0/0,0,0.3,0,0,0
KUZMIC,"KUZMIC, OGNJEN",OGNJEN,Crvena Zvezda mts Belgrade,32,Center,2.13,"16 May, 1990",Serbia,84,521,6.2,207/386,53.6,0/0,0,107/151,70.9,5,0.5,0.6,0.4
LABEYRIE,"LABEYRIE, LOUIS",LOUIS,Valencia Basket,7,Forward,2.09,"11 February, 1992",France,30,155,5.2,38/62,61.3,15/43,34.9,34/44,77.3,4.7,0.4,0.7,0.3
LACOMBE,"LACOMBE, PAUL",PAUL,LDLC ASVEL Villeurbanne,6,Guard,1.98,"12 June, 1990",France,22,98,4.5,29/63,46,7/22,31.8,19/23,82.6,2.8,1,2.2,0.5
LAMMERS,"LAMMERS, BEN",BEN,ALBA Berlin,50,Center,2.08,"12 November, 1995",United States of America,4,24,6,10/16,62.5,1/1,100,1/1,100,2.8,0.8,0,1
LAPROVITTOLA,"LAPROVITTOLA, NICOLAS",NICOLAS,Real Madrid,8,Guard,1.90,"31 January, 1990",Argentina,40,179,4.5,32/68,47.1,26/86,30.2,37/42,88.1,1.2,0.3,2.7,0
LARENTZAKIS,"LARENTZAKIS, GIANNOULIS",GIANNOULIS,Olympiacos Piraeus,5,Guard,1.96,"22 September, 1993",Greece,2,0,0,0/1,0,0/1,0,0/0,0,0,0,0.5,0
LARKIN,"LARKIN, SHANE",SHANE,Anadolu Efes Istanbul,0,Guard,1.82,"2 October, 1992",United States of America,93,1425,15.3,243/476,51.1,203/463,43.8,330/385,85.7,2.6,1.1,4.3,0.1
LAUVERGNE,"LAUVERGNE, JOFFREY",JOFFREY,Zalgiris Kaunas,77,Center,2.11,"30 September, 1991",France,75,654,8.7,246/422,58.3,20/70,28.6,102/166,61.4,5.1,0.4,1.1,0.2
LAZIC,"LAZIC, BRANKO",BRANKO,Crvena Zvezda mts Belgrade,10,Guard,1.95,"12 January, 1989",Serbia,143,544,3.8,116/242,47.9,79/241,32.8,75/96,78.1,1.6,0.8,0.7,0.1
LEDAY,"LEDAY, ZACH",ZACH,AX Armani Exchange Milan,2,Center,2.02,"30 May, 1994",United States of America,62,647,10.4,196/367,53.4,24/63,38.1,183/224,81.7,4.4,0.4,0.6,0.5
LEKAVICIUS,"LEKAVICIUS, LUKAS",LUKAS,Zalgiris Kaunas,4,Guard,1.80,"30 March, 1994",Lithuania,170,1058,6.2,275/548,50.2,113/282,40.1,169/209,80.9,1.3,0.4,2.2,0
LIGHTY,"LIGHTY, DAVID",DAVID,LDLC ASVEL Villeurbanne,23,Forward,1.95,"27 May, 1988",United States of America,41,365,8.9,100/194,51.5,39/116,33.6,48/65,73.8,2.5,0.8,1.6,0.2
LLULL,"LLULL, SERGIO",SERGIO,Real Madrid,23,Guard,1.90,"15 November, 1987",Spain,286,3005,10.5,546/1103,49.5,457/1337,34.2,542/657,82.5,1.7,0.6,3.8,0.1
LO,"LO, MAODO",MAODO,ALBA Berlin,0,Guard,1.91,"31 December, 1992",Germany,117,815,7,166/354,46.9,135/338,39.9,78/102,76.5,1.5,0.6,2,0.1
LOMAZS,"LOMAZS, RIHARDS",RIHARDS,LDLC ASVEL Villeurbanne,9,Forward,1.87,"13 April, 1996",Latvia,28,134,4.8,20/48,41.7,22/58,37.9,28/33,84.8,0.8,0.3,0.8,0
LOPATIN,"LOPATIN, ANDREI",ANDREI,CSKA Moscow,28,Forward,2.08,"27 August, 1998",Russian Federation,2,0,0,0/0,0,0/0,0,0/0,0,0.5,0.5,0,0
LOYD,"LOYD, JORDAN",JORDAN,Crvena Zvezda mts Belgrade,3,Guard,1.93,"27 July, 1993",United States of America,21,264,12.6,40/95,42.1,42/103,40.8,58/70,82.9,2.3,0.9,2.5,0.1
LUCIC,"LUCIC, VLADIMIR",VLADIMIR,FC Bayern Munich,11,Forward,2.04,"17 June, 1989",Serbia,103,951,9.2,228/399,57.1,90/234,38.5,225/275,81.8,3.4,0.9,1,0.2
LUKOSIUNAS,"LUKOSIUNAS, KAROLIS",KAROLIS,Zalgiris Kaunas,16,Forward,1.95,"4 August, 1997",Lithuania,7,3,0.4,0/1,0,1/6,16.7,0/0,0,0.9,0,0.4,0
MAHMUTOGLU,"MAHMUTOGLU, MELIH",MELIH,Fenerbahce Beko Istanbul,10,Guard,1.91,"12 May, 1990",Turkey,151,661,4.4,83/182,45.6,150/346,43.4,45/49,91.8,0.8,0.2,0.5,0
MARINKOVIC,"MARINKOVIC, VANJA",VANJA,Valencia Basket,2,Guard,1.98,"9 January, 1997",Serbia,28,174,6.2,36/65,55.4,24/73,32.9,30/36,83.3,1,0.4,0.4,0
MARSH,"MARSH, MATT",MATT,LDLC ASVEL Villeurbanne,17,Center,2.11,"15 May, 2002",United Kingdom,6,42,7,17/29,58.6,1/2,50,5/10,50,2.8,0.7,0.5,0.3
MARTIN,"MARTIN, HASSAN",HASSAN,Olympiacos Piraeus,12,Center,2.01,"22 November, 1995",United States of America,4,42,10.5,21/23,91.3,0/0,0,0/4,0,6,0.3,0.3,0.5
MARTINEZ,"MARTINEZ, SERGI",SERGI,FC Barcelona,23,Forward,2.02,"10 May, 1999",Spain,2,1,0.5,0/1,0,0/0,0,1/4,25,1.5,0,0,0
MATTISSECK,"MATTISSECK, JONAS",JONAS,ALBA Berlin,9,Guard,1.94,"16 January, 2000",Germany,31,83,2.7,7/18,38.9,20/59,33.9,9/11,81.8,1,0.4,0.7,0
MCCOLLUM,"MCCOLLUM, ERRICK",ERRICK,Khimki Moscow Region,3,Guard,1.88,"22 January, 1988",United States of America,29,423,14.6,94/210,44.8,52/130,40,79/102,77.5,2.4,0.8,2.3,0.4
MCKISSIC,"MCKISSIC, SHAQUIELLE",SHAQUIELLE,Olympiacos Piraeus,77,Guard,1.96,"17 August, 1990",United States of America,7,72,10.3,23/36,63.9,4/21,19,14/21,66.7,2.4,1,2.1,0.4
MICIC,"MICIC, VASILIJE",VASILIJE,Anadolu Efes Istanbul,22,Guard,1.96,"13 January, 1994",Serbia,128,1267,9.9,293/578,50.7,158/445,35.5,207/257,80.5,2.1,0.9,4.7,0.1
MICKEY,"MICKEY, JORDAN",JORDAN,Khimki Moscow Region,55,Center,2.03,"9 July, 1994",United States of America,55,645,11.7,224/369,60.7,27/79,34.2,116/155,74.8,4.6,0.6,0.7,1.1
MICOV,"MICOV, VLADIMIR",VLADIMIR,AX Armani Exchange Milan,5,Forward,2.01,"16 April, 1985",Serbia,216,2214,10.3,483/1033,46.8,310/744,41.7,318/409,77.8,3.1,0.7,2.1,0.1
MILAKNIS,"MILAKNIS, ARTURAS",ARTURAS,Zalgiris Kaunas,21,Guard,1.95,"16 June, 1986",Lithuania,213,1495,7,128/247,51.8,373/877,42.5,120/150,80,1.6,0.5,0.8,0.1
MILUTINOV,"MILUTINOV, NIKOLA",NIKOLA,CSKA Moscow,33,Center,2.13,"30 December, 1994",Serbia,165,1181,7.2,444/716,62,1/2,50,290/393,73.8,5,0.4,0.9,0.6
MIROTIC,"MIROTIC, NIKOLA",NIKOLA,FC Barcelona,33,Forward,2.08,"11 February, 1991",Spain,127,1610,12.7,376/657,57.2,152/413,36.8,402/470,85.5,5.1,0.9,1.1,0.6
MITOGLOU,"MITOGLOU, KONSTANTINOS",KONSTANTINOS,Panathinaikos OPAP Athens,44,Forward,2.10,"11 June, 1996",Greece,62,310,5,101/176,57.4,17/64,26.6,57/82,69.5,3.4,0.6,0.5,0.2
MOERMAN,"MOERMAN, ADRIEN",ADRIEN,Anadolu Efes Istanbul,18,Forward,2.02,"7 August, 1988",France,146,1299,8.9,340/637,53.4,168/487,34.5,115/150,76.7,5.2,0.9,1,0.3
MONIA,"MONIA, SERGEY",SERGEY,Khimki Moscow Region,12,Forward,2.02,"15 April, 1983",Russian Federation,220,1066,4.8,161/345,46.7,218/567,38.4,90/113,79.6,2.6,0.6,0.9,0.6
MONROE,"MONROE, GREG",GREG,Khimki Moscow Region,15,Center,2.11,"4 June, 1990",United States of America,28,361,12.9,145/277,52.3,0/0,0,71/95,74.7,6.8,1.3,2.5,0.6
MORASCHINI,"MORASCHINI, RICCARDO",RICCARDO,AX Armani Exchange Milan,9,Guard,1.94,"8 January, 1991",Italy,21,102,4.9,22/38,57.9,11/40,27.5,25/36,69.4,2.2,0.7,0.9,0
MORETTI,"MORETTI, DAVIDE",DAVIDE,AX Armani Exchange Milan,3,Guard,1.89,"25 March, 1998",Italy,1,0,0,0/0,0,0/0,0,0/0,0,0,0,0,0
MUHAMMED,"MUHAMMED, ALI",ALI,Fenerbahce Beko Istanbul,35,Guard,1.78,"10 April, 1983",United States of America,153,1405,9.2,197/399,49.4,288/700,41.1,147/168,87.5,2.1,0.8,2.5,0
NDJOCK,"NDJOCK, ELWIN",ELWIN,LDLC ASVEL Villeurbanne,11,Forward,1.93,"5 August, 2001",France,8,30,3.8,2/12,16.7,8/25,32,2/4,50,1.1,0.5,0.5,0.3
NEDOVIC,"NEDOVIC, NEMANJA",NEMANJA,Panathinaikos OPAP Athens,26,Guard,1.92,"16 June, 1991",Serbia,97,1050,10.8,202/429,47.1,156/447,34.9,178/221,80.5,1.7,0.6,2.8,0.1
NIKIC,"NIKIC, KRESIMIR",KRESIMIR,ALBA Berlin,16,Center,2.13,"16 April, 1999",Croatia,12,29,2.4,13/26,50,0/1,0,3/8,37.5,1.8,0.5,0.5,0.3
NIKOLAIDIS,"NIKOLAIDIS, ALEXANDROS",ALEXANDROS,Olympiacos Piraeus,1,Guard,1.90,"21 August, 2002",Greece,3,6,2,1/2,50,0/2,0,4/4,100,1.7,1.7,0,0
NNAJI,"NNAJI, JAMES",JAMES,FC Barcelona,60,Center,2.08,"14 August, 2004",Nigeria,,,,,,,,,,,,,
NOUA,"NOUA, AMINE",AMINE,LDLC ASVEL Villeurbanne,12,Center,2.02,"7 February, 1997",France,27,144,5.3,42/64,65.6,16/50,32,12/18,66.7,2.3,0.3,0.4,0.3
ODINOKOV,"ODINOKOV, VLADISLAV",VLADISLAV,Khimki Moscow Region,17,Forward,2.02,"22 March, 2000",Russian Federation,3,22,7.3,3/5,60,5/6,83.3,1/4,25,0.7,0.7,0.3,0
OLINDE,"OLINDE, LOUIS",LOUIS,ALBA Berlin,19,Forward,2.05,"19 March, 1998",Germany,20,38,1.9,11/22,50,1/9,11.1,13/15,86.7,1.4,0.2,0.3,0.1
ONAN,"ONAN, YIGIT",YIGIT,Fenerbahce Beko Istanbul,17,Forward,2.07,"12 July, 2002",Turkey,8,96,12,23/43,53.5,12/37,32.4,14/17,82.4,3.8,1.1,1.8,0.5
ORIOLA,"ORIOLA, PIERRE",PIERRE,FC Barcelona,18,Center,2.08,"25 September, 1992",Spain,94,532,5.7,153/267,57.3,42/105,40,100/152,65.8,3,0.3,0.7,0.2
PANGOS,"PANGOS, KEVIN",KEVIN,Zenit St Petersburg,4,Guard,1.86,"26 January, 1993",Slovenia,103,1000,9.7,180/414,43.5,172/409,42.1,124/159,78,1.9,0.7,4.2,0
PAPAGIANNIS,"PAPAGIANNIS, GEORGIOS",GEORGIOS,Panathinaikos OPAP Athens,6,Center,2.20,"3 July, 1997",Greece,62,314,5.1,144/229,62.9,0/2,0,26/40,65,3.6,0.3,0.2,0.8
PAPANIKOLAOU,"PAPANIKOLAOU, KOSTAS",KOSTAS,Olympiacos Piraeus,16,Forward,2.04,"31 July, 1990",Greece,235,1681,7.2,343/625,54.9,236/634,37.2,287/397,72.3,3.9,0.9,1.5,0.4
PAPAPETROU,"PAPAPETROU, IOANNIS",IOANNIS,Panathinaikos OPAP Athens,10,Forward,2.03,"30 March, 1994",Greece,172,1185,6.9,320/567,56.4,142/419,33.9,119/181,65.7,3.2,0.6,0.7,0.3
PAVELKA,"PAVELKA, TOMAS",TOMAS,Valencia Basket,43,Center,2.14,"22 September, 2000",Slovakia,4,9,2.3,2/6,33.3,0/0,0,5/7,71.4,2,0,0,1.3
PERSIDIS,"PERSIDIS, NIKOLAOS",NIKOLAOS,Panathinaikos OPAP Athens,18,Forward,2.00,"8 September, 1995",Greece,,,,,,,,,,,,,
PETERS,"PETERS, ALEC",ALEC,TD Systems Baskonia Vitoria-Gasteiz,25,Center,2.06,"13 April, 1995",United States of America,65,330,5.1,53/104,51,57/133,42.9,53/60,88.3,2.5,0.4,0.6,0.1
PIERRE,"PIERRE, DYSHAWN",DYSHAWN,Fenerbahce Beko Istanbul,21,Forward,1.98,"17 November, 1993",Canada,4,13,3.3,4/10,40,0/5,0,5/9,55.6,3.3,0.5,1.5,0.5
PLEISS,"PLEISS, TIBOR",TIBOR,Anadolu Efes Istanbul,21,Center,2.21,"2 November, 1989",Germany,220,1791,8.1,703/1193,58.9,27/78,34.6,304/366,83.1,4.5,0.3,0.4,0.8
POKUSEVSKI,"POKUSEVSKI, ALEKSEJ",ALEKSEJ,Olympiacos Piraeus,20,Guard,2.14,"26 December, 2001",Serbia,3,1,0.3,0/3,0,0/1,0,1/2,50,0.7,0.3,0.3,0
POLONARA,"POLONARA, ACHILLE",ACHILLE,TD Systems Baskonia Vitoria-Gasteiz,33,Center,2.02,"23 November, 1991",Italy,30,119,4,31/66,47,12/49,24.5,21/36,58.3,3.3,0.7,0.3,0.5
PONITKA,"PONITKA, MATEUSZ",MATEUSZ,Zenit St Petersburg,25,Forward,1.98,"29 August, 1993",Poland,40,380,9.5,115/198,58.1,27/90,30,69/107,64.5,5.1,0.9,1.6,0.2
POYTHRESS,"POYTHRESS, ALEX",ALEX,Zenit St Petersburg,22,Forward,2.06,"6 September, 1993",United States of America,2,23,11.5,10/17,58.8,0/0,0,3/3,100,7,0.5,0.5,2
PRADILLA,"PRADILLA, JAIME",JAIME,Valencia Basket,4,Center,2.05,"3 January, 2001",Spain,2,2,1,1/1,100,0/0,0,0/0,0,1,0,0,0
PREPELIC,"PREPELIC, KLEMEN",KLEMEN,Valencia Basket,3,Guard,1.91,"20 October, 1992",Slovenia,34,187,5.5,26/56,46.4,31/103,30.1,42/53,79.2,1.1,0.4,1.9,0
PRINTEZIS,"PRINTEZIS, GEORGIOS",GEORGIOS,Olympiacos Piraeus,15,Forward,2.05,"22 February, 1985",Greece,313,3252,10.4,1089/2016,54,204/614,33.2,462/671,68.9,4.3,0.4,1,0.2
PUERTO,"PUERTO, JOSEP",JOSEP,Valencia Basket,6,Guard,2.00,"8 March, 1999",Spain,10,9,0.9,3/7,42.9,0/1,0,3/4,75,0.4,0.1,0.1,0.1
PUNTER,"PUNTER, KEVIN",KEVIN,AX Armani Exchange Milan,0,Guard,1.93,"25 June, 1993",United States of America,23,266,11.6,57/129,44.2,32/91,35.2,56/67,83.6,1.5,0.5,1.2,0.1
PUSHKOV,"PUSHKOV, ANTON",ANTON,Zenit St Petersburg,14,Center,2.08,"22 November, 1988",Russian Federation,17,32,1.9,13/32,40.6,1/3,33.3,3/4,75,1,0.2,0.3,0.2
PUSTOVYI,"PUSTOVYI, ARTEM",ARTEM,FC Barcelona,14,Center,2.18,"25 June, 1992",Ukraine,11,35,3.2,13/19,68.4,0/0,0,9/15,60,1.6,0.2,0.1,0.4
RADANOV,"RADANOV, ALEKSA",ALEKSA,Crvena Zvezda mts Belgrade,12,Guard,2.02,"1 February, 1998",Serbia,8,19,2.4,3/8,37.5,3/4,75,4/7,57.1,0.5,0.1,0.6,0
RADOSEVIC,"RADOSEVIC, LEON",LEON,FC Bayern Munich,43,Center,2.08,"26 February, 1990",Germany,198,1243,6.3,502/949,52.9,0/9,0,239/335,71.3,2.9,0.4,0.7,0.3
RAIESTE,"RAIESTE, SANDER",SANDER,TD Systems Baskonia Vitoria-Gasteiz,2,Forward,2.04,"31 March, 1999",Estonia,3,0,0,0/3,0,0/1,0,0/0,0,2.3,0,0,0
RANDOLPH,"RANDOLPH, ANTHONY",ANTHONY,Real Madrid,3,Forward,2.11,"15 July, 1989",United States of America,132,1535,11.6,375/705,53.2,175/456,38.4,260/343,75.8,4.7,0.7,1,0.6
REATH,"REATH, DUOP",DUOP,Crvena Zvezda mts Belgrade,11,Center,2.10,"26 June, 1996",Australia,3,9,3,3/7,42.9,1/5,20,0/0,0,2.7,0.3,0.3,1
REYES,"REYES, FELIPE",FELIPE,Real Madrid,9,Forward,2.04,"16 March, 1980",Spain,352,3022,8.6,969/1941,49.9,40/124,32.3,964/1287,74.9,5.1,0.6,0.8,0.2
REYNOLDS,"REYNOLDS, JALEN",JALEN,FC Bayern Munich,8,Center,2.07,"30 December, 1992",United States of America,16,125,7.8,52/89,58.4,0/2,0,21/29,72.4,5.7,0.6,0.7,0.3
RIVERS,"RIVERS, KC",KC,Zenit St Petersburg,1,Guard,1.96,"1 March, 1987",United States of America,165,1435,8.7,254/502,50.6,274/699,39.2,105/147,71.4,2.3,0.8,1,0
ROCHESTIE,"ROCHESTIE, TAYLOR",TAYLOR,Crvena Zvezda mts Belgrade,0,Guard,1.86,"1 July, 1985",United States of America,96,1108,11.5,250/504,49.6,146/337,43.3,170/190,89.5,1.7,0.6,4.4,0
RODRIGUEZ,"RODRIGUEZ, SERGIO",SERGIO,AX Armani Exchange Milan,13,Guard,1.91,"12 June, 1986",Spain,266,2856,10.7,539/1104,48.8,447/1107,40.4,437/509,85.9,1.9,0.8,4.7,0.1
ROLL,"ROLL, MICHAEL",MICHAEL,AX Armani Exchange Milan,10,Guard,1.98,"12 April, 1987",United States of America,90,772,8.6,181/361,50.1,112/260,43.1,74/83,89.2,2.2,0.5,2.3,0
RUBIT,"RUBIT, AUGUSTINE",AUGUSTINE,Zalgiris Kaunas,24,Forward,2.03,"14 August, 1989",United States of America,60,489,8.2,159/278,57.2,15/37,40.5,126/156,80.8,3.8,0.6,0.8,0.4
RUDAN,"RUDAN, MATEJ",MATEJ,FC Bayern Munich,66,Forward,2.05,"21 March, 2001",Croatia,13,139,10.7,28/70,40,20/50,40,23/32,71.9,5.1,0.5,0.8,0.7
SAHAR,"SAHAR, DORI",DORI,Maccabi Playtika Tel Aviv,18,Forward,1.95,"8 January, 2001",Israel,7,76,10.9,16/32,50,10/33,30.3,14/19,73.7,5.1,1.3,2.3,0.1
SAN EMETERIO,"SAN EMETERIO, FERNANDO",FERNANDO,Valencia Basket,19,Forward,1.99,"1 January, 1984",Spain,189,1771,9.4,401/744,53.9,223/563,39.6,300/376,79.8,3.1,0.5,1.9,0
SANLI,"SANLI, SERTAC",SERTAC,Anadolu Efes Istanbul,15,Center,2.12,"5 August, 1991",Turkey,35,176,5,70/102,68.6,2/8,25,30/38,78.9,1.5,0.1,0.2,0.3
SANT-ROOS,"SANT-ROOS, HOWARD",HOWARD,Panathinaikos OPAP Athens,74,Guard,2.01,"13 February, 1991",Cuba,12,77,6.4,19/42,45.2,8/35,22.9,15/19,78.9,2.5,1.1,1.9,0.1
SASTRE,"SASTRE, JOAN",JOAN,Valencia Basket,30,Guard,2.01,"10 December, 1991",Spain,31,158,5.1,26/58,44.8,29/59,49.2,19/25,76,1.9,0.6,1.6,0.3
SAYBIR,"SAYBIR, YIGITCAN",YIGITCAN,Anadolu Efes Istanbul,3,Forward,2.03,"27 February, 1999",Turkey,4,0,0,0/4,0,0/2,0,0/0,0,0.3,0,0.3,0
SCHNEIDER,"SCHNEIDER, TIM",TIM,ALBA Berlin,10,Forward,2.08,"1 September, 1997",Germany,18,60,3.3,6/13,46.2,14/40,35,6/8,75,1.1,0.3,0.3,0.1
SEDEKERSKIS,"SEDEKERSKIS, TADAS",TADAS,TD Systems Baskonia Vitoria-Gasteiz,8,Forward,2.00,"17 January, 1998",Lithuania,18,26,1.4,9/14,64.3,0/3,0,8/12,66.7,0.8,0.1,0.2,0
SHARAPOV,"SHARAPOV, VLADISLAV",VLADISLAV,Khimki Moscow Region,13,Forward,2.03,"17 November, 1999",Russian Federation,2,0,0,0/0,0,0/0,0,0/0,0,0,0,0,0
SHENGELIA,"SHENGELIA, TORNIKE",TORNIKE,CSKA Moscow,23,Forward,2.06,"5 October, 1991",Georgia,151,1806,12,562/1032,54.5,94/261,36,400/566,70.7,5,0.8,1.8,0.5
SHIELDS,"SHIELDS, SHAVON",SHAVON,AX Armani Exchange Milan,31,Forward,2.01,"5 June, 1994",Denmark,63,619,9.8,173/323,53.6,60/171,35.1,93/108,86.1,3.2,0.6,1,0.2
SHVED,"SHVED, ALEXEY",ALEXEY,Khimki Moscow Region,1,Guard,1.98,"16 December, 1988",Russian Federation,140,2288,16.3,381/787,48.4,346/981,35.3,488/594,82.2,2.4,1,4.3,0.3
SIKMA,"SIKMA, LUKE",LUKE,ALBA Berlin,43,Forward,2.03,"30 July, 1989",United States of America,32,297,9.3,79/155,51,30/72,41.7,49/70,70,6.3,0.9,4.4,0.5
SIMANIC,"SIMANIC, BORISA",BORISA,Crvena Zvezda mts Belgrade,22,Forward,2.09,"20 March, 1998",Serbia,31,96,3.1,19/30,63.3,18/41,43.9,4/6,66.7,1.1,0.2,0.4,0.4
SIMIC,"SIMIC, TEODOR",TEODOR,FC Barcelona,59,Center,2.14,"4 February, 2004",North Macedonia,3,11,3.7,4/7,57.1,1/2,50,0/0,0,3,0,0.3,0.7
SIMON,"SIMON, KRUNOSLAV",KRUNOSLAV,Anadolu Efes Istanbul,44,Guard,1.97,"24 June, 1985",Croatia,180,1827,10.2,350/701,49.9,274/736,37.2,305/363,84,3.7,0.8,3,0.2
SIMONOVIC,"SIMONOVIC, MARKO",MARKO,Crvena Zvezda mts Belgrade,19,Forward,2.03,"30 May, 1986",Serbia,70,645,9.2,104/193,53.9,118/292,40.4,83/102,81.4,2.8,0.7,0.5,0.1
SINGLETON,"SINGLETON, CHRIS",CHRIS,Anadolu Efes Istanbul,2,Forward,2.06,"21 November, 1989",United States of America,165,1521,9.2,268/610,43.9,218/525,41.5,331/434,76.3,5,1.1,1,0.7
SIPAHI,"SIPAHI, KENAN",KENAN,Fenerbahce Beko Istanbul,25,Guard,1.97,"26 May, 1995",Turkey,47,130,2.8,35/69,50.7,13/57,22.8,21/30,70,0.9,0.5,1.4,0
SISKO,"SISKO, ZAN",ZAN,FC Bayern Munich,31,Guard,1.89,"29 June, 1997",Slovenia,11,54,4.9,13/23,56.5,8/15,53.3,4/4,100,1.3,1.1,2.5,0
SIVA,"SIVA, PEYTON",PEYTON,ALBA Berlin,3,Guard,1.82,"24 October, 1990",United States of America,21,192,9.1,27/62,43.5,25/90,27.8,63/73,86.3,1.5,1,5,0
SLOUKAS,"SLOUKAS, KOSTAS",KOSTAS,Olympiacos Piraeus,11,Guard,1.90,"15 January, 1990",Greece,250,2087,8.3,414/881,47,249/609,40.9,512/575,89,2,0.6,3.8,0.1
SMITS,"SMITS, ROLANDS",ROLANDS,FC Barcelona,10,Forward,2.07,"25 June, 1995",Latvia,34,140,4.1,28/60,46.7,22/51,43.1,18/21,85.7,2,0.2,0.5,0.2
SOW,"SOW, PAPE",PAPE,TD Systems Baskonia Vitoria-Gasteiz,29,Forward,2.03,"14 September, 2003",Senegal,,,,,,,,,,,,,
SPANOULIS,"SPANOULIS, VASSILIS",VASSILIS,Olympiacos Piraeus,7,Guard,1.93,"7 August, 1982",Greece,328,4272,13,852/1718,49.6,489/1512,32.3,1101/1404,78.4,1.9,0.8,4.6,0
STRAZEL,"STRAZEL, MATTHEW",MATTHEW,LDLC ASVEL Villeurbanne,32,Guard,1.82,"5 August, 2002",France,17,71,4.2,11/26,42.3,12/30,40,13/17,76.5,0.6,0.2,1.5,0
STRELNIEKS,"STRELNIEKS, JANIS",JANIS,CSKA Moscow,13,Guard,1.91,"1 September, 1989",Latvia,131,1156,8.8,211/387,54.5,175/413,42.4,209/230,90.9,1.7,0.6,2.6,0
SYKES,"SYKES, KEIFER",KEIFER,Panathinaikos OPAP Athens,28,Guard,1.83,"30 December, 1993",United States of America,14,87,6.2,14/45,31.1,16/49,32.7,11/13,84.6,1.1,0.4,1.9,0.1
TARCZEWSKI,"TARCZEWSKI, KALEB",KALEB,AX Armani Exchange Milan,15,Center,2.13,"26 February, 1993",United States of America,86,601,7,225/339,66.4,0/0,0,151/215,70.2,5.3,0.4,0.3,0.8
TAVARES,"TAVARES, WALTER",WALTER,Real Madrid,22,Center,2.20,"22 March, 1992",Cabo Verde,95,683,7.2,280/387,72.4,0/1,0,123/192,64.1,6.2,0.5,0.6,1.8
TAYLOR,"TAYLOR, JEFFERY",JEFFERY,Real Madrid,44,Forward,2.01,"23 May, 1989",Sweden,149,764,5.1,168/308,54.5,112/283,39.6,92/138,66.7,1.9,0.4,1,0.1
TENDERO,"TENDERO, PAU",PAU,FC Barcelona,52,Forward,1.93,"29 January, 2002",Spain,8,77,9.6,27/49,55.1,4/13,30.8,11/17,64.7,3.3,0.3,1.4,0
TERRY,"TERRY, EMANUEL",EMANUEL,Crvena Zvezda mts Belgrade,33,Center,2.06,"21 August, 1996",United States of America,,,,,,,,,,,,,
THIEMANN,"THIEMANN, JOHANNES",JOHANNES,ALBA Berlin,32,Center,2.05,"9 February, 1994",Germany,19,117,6.2,34/63,54,8/17,47.1,25/33,75.8,3.3,0.4,0.8,0
THOMAS,"THOMAS, MALCOLM",MALCOLM,FC Bayern Munich,9,Center,2.06,"8 November, 1988",United States of America,94,614,6.5,223/378,59,23/81,28.4,99/141,70.2,4.4,0.7,1.3,0.5
THOMAS,"THOMAS, WILL",WILL,Zenit St Petersburg,10,Forward,2.03,"1 July, 1986",United States of America,107,833,7.8,250/439,56.9,61/211,28.9,150/194,77.3,4.1,0.7,1.2,0.1
THOMPKINS,"THOMPKINS, TREY",TREY,Real Madrid,33,Forward,2.08,"29 May, 1990",United States of America,141,1325,9.4,303/562,53.9,188/447,42.1,155/179,86.6,4.4,0.5,0.9,0.3
TIMMA,"TIMMA, JANIS",JANIS,Khimki Moscow Region,6,Forward,2.01,"2 July, 1992",Latvia,78,602,7.7,77/132,58.3,134/340,39.4,46/64,71.9,2.1,0.8,1.3,0.1
TISMA,"TISMA, BORIS",BORIS,Real Madrid,35,Forward,2.05,"20 February, 2002",Croatia,8,63,7.9,13/21,61.9,11/35,31.4,4/10,40,2.4,0.6,0.4,0.1
TOBEY,"TOBEY, MIKE",MIKE,Valencia Basket,10,Center,2.13,"10 October, 1994",United States of America,24,197,8.2,64/109,58.7,13/43,30.2,30/42,71.4,4.2,0.5,0.6,0.5
TRUSHKIN,"TRUSHKIN, VLADISLAV",VLADISLAV,Zenit St Petersburg,16,Forward,2.01,"5 May, 1993",Russian Federation,24,82,3.4,8/19,42.1,22/67,32.8,0/0,0,1.3,0.1,0.3,0
TUNCER,"TUNCER, BUGRAHAN",BUGRAHAN,Anadolu Efes Istanbul,19,Guard,1.93,"23 March, 1993",Turkey,24,42,1.8,5/17,29.4,10/29,34.5,2/3,66.7,0.5,0.4,1.1,0
UKHOV,"UKHOV, IVAN",IVAN,CSKA Moscow,7,Guard,1.93,"11 September, 1995",Russian Federation,23,32,1.4,11/15,73.3,3/15,20,1/1,100,0.8,0.2,0.5,0
ULANOVAS,"ULANOVAS, EDGARAS",EDGARAS,Fenerbahce Beko Istanbul,92,Forward,1.99,"7 January, 1992",Lithuania,179,1290,7.2,314/653,48.1,115/304,37.8,317/383,82.8,3.5,0.5,1.7,0.2
UMRIKHIN,"UMRIKHIN, YURY",YURY,CSKA Moscow,32,Guard,1.88,"28 June, 1999",Russian Federation,7,86,12.3,23/53,43.4,7/23,30.4,19/28,67.9,4.3,1.6,4.4,0
USKOKOVIC,"USKOKOVIC, ALEKSA",ALEKSA,Crvena Zvezda mts Belgrade,4,Guard,1.94,"30 August, 1999",Serbia,16,189,11.8,56/110,50.9,15/38,39.5,32/42,76.2,2.8,2.1,4.6,0.1
VAN ROSSOM,"VAN ROSSOM, SAM",SAM,Valencia Basket,9,Guard,1.88,"3 June, 1986",Belgium,46,341,7.4,63/118,53.4,57/152,37.5,44/52,84.6,2.1,0.4,4.2,0
VASTURIA,"VASTURIA, STEVE",STEVE,Zalgiris Kaunas,32,Guard,1.96,"10 February, 1995",United States of America,4,17,4.3,4/5,80,3/6,50,0/1,0,0.8,0.3,1,0
VESELY,"VESELY, JAN",JAN,Fenerbahce Beko Istanbul,24,Center,2.13,"24 April, 1990",Czech Republic,227,2360,10.4,894/1445,61.9,26/92,28.3,494/828,59.7,4.9,1,1.4,0.7
VEZENKOV,"VEZENKOV, SASHA",SASHA,Olympiacos Piraeus,14,Forward,2.06,"6 August, 1995",Greece,123,654,5.3,148/242,61.2,90/219,41.1,88/103,85.4,2.4,0.4,0.6,0.1
VIALTSEV,"VIALTSEV, EGOR",EGOR,Khimki Moscow Region,9,Forward,1.93,"10 October, 1985",Russian Federation,99,363,3.7,56/111,50.5,66/159,41.5,53/63,84.1,1,0.3,0.9,0
VILDOZA,"VILDOZA, LUCA",LUCA,TD Systems Baskonia Vitoria-Gasteiz,3,Guard,1.91,"11 August, 1995",Italy,77,569,7.4,94/204,46.1,99/274,36.1,84/99,84.8,1.8,0.9,3.1,0.2
VILLAR,"VILLAR, RAFA",RAFA,FC Barcelona,54,Guard,1.88,"9 August, 2004",Spain,,,,,,,,,,,,,
VIVES,"VIVES, GUILLEM",GUILLEM,Valencia Basket,16,Guard,1.92,"16 June, 1993",Spain,49,234,4.8,43/81,53.1,38/128,29.7,34/36,94.4,1.5,0.8,2.7,0.1
VOIGTMANN,"VOIGTMANN, JOHANNES",JOHANNES,CSKA Moscow,17,Forward,2.11,"30 September, 1992",Germany,132,1106,8.4,292/476,61.3,127/331,38.4,141/200,70.5,5.6,0.6,1.8,0.3
VOLKHIN,"VOLKHIN, IGOR",IGOR,Zenit St Petersburg,8,Forward,1.99,"30 October, 1997",Russian Federation,1,0,0,0/0,0,0/1,0,0/0,0,0,1,0,0
VORONOV,"VORONOV, EVGENY",EVGENY,Khimki Moscow Region,18,Guard,1.94,"7 May, 1986",Russian Federation,85,323,3.8,87/187,46.5,33/119,27.7,50/69,72.5,1.1,0.6,0.8,0.1
VOUGIOUKAS,"VOUGIOUKAS, IAN",IAN,Panathinaikos OPAP Athens,15,Center,2.11,"31 May, 1985",Greece,157,804,5.1,289/520,55.6,0/2,0,226/300,75.3,2.1,0.2,0.6,0.4
WALDEN,"WALDEN, TORRIAN",TORRIAN,Crvena Zvezda mts Belgrade,2,Guard,1.88,"5 August, 1992",United States of America,3,29,9.7,5/11,45.5,4/14,28.6,7/10,70,2,0.7,3,0.3
WALKUP,"WALKUP, THOMAS",THOMAS,Zalgiris Kaunas,0,Guard,1.93,"30 December, 1992",United States of America,66,461,7,133/253,52.6,44/114,38.6,63/75,84,3,0.8,3.7,0.1
WEILER-BABB,"WEILER-BABB, NICK",NICK,FC Bayern Munich,0,Guard,1.96,"12 December, 1995",United States of America,4,26,6.5,4/14,28.6,4/14,28.6,6/8,75,2.5,1,2.8,0.3
WESTERMANN,"WESTERMANN, LEO",LEO,Fenerbahce Beko Istanbul,9,Guard,1.98,"24 July, 1992",France,131,881,6.7,155/361,42.9,146/378,38.6,133/155,85.8,2.2,0.6,3.4,0
WHITE,"WHITE, AARON",AARON,Panathinaikos OPAP Athens,30,Forward,2.06,"10 September, 1992",United States of America,87,638,7.3,189/332,56.9,38/108,35.2,146/188,77.7,3.7,0.4,0.7,0.2
WILBEKIN,"WILBEKIN, SCOTTIE",SCOTTIE,Maccabi Playtika Tel Aviv,1,Guard,1.88,"5 April, 1993",United States of America,110,1431,13,193/414,46.6,273/717,38.1,226/276,81.9,1.8,1.1,3.1,0
WILLIAMS,"WILLIAMS, DERRICK",DERRICK,Valencia Basket,21,Forward,2.03,"25 May, 1991",United States of America,60,733,12.2,169/296,57.1,83/232,35.8,146/198,73.7,4,0.8,0.9,0.4
YABUSELE,"YABUSELE, GUERSCHON",GUERSCHON,LDLC ASVEL Villeurbanne,28,Forward,2.02,"17 December, 1995",France,3,24,8,4/7,57.1,5/15,33.3,1/2,50,3.3,2,0.3,0.7
ZAKHAROV,"ZAKHAROV, DENIS",DENIS,Zenit St Petersburg,3,Guard,1.92,"6 August, 1993",Russian Federation,1,0,0,0/1,0,0/0,0,0/0,0,0,0,0,0
ZAYTSEV,"ZAYTSEV, VYACHESLAV",VYACHESLAV,Khimki Moscow Region,8,Guard,1.90,"28 August, 1989",Russian Federation,62,155,2.5,51/88,58,8/29,27.6,29/39,74.4,1.1,0.4,1.1,0.3
ZIPSER,"ZIPSER, PAUL",PAUL,FC Bayern Munich,16,Forward,2.03,"18 February, 1994",Germany,50,350,7,77/159,48.4,39/104,37.5,79/95,83.2,3,0.4,1.1,0.4
ZIZIC,"ZIZIC, ANTE",ANTE,Maccabi Playtika Tel Aviv,23,Center,2.10,"4 January, 1997",Croatia,24,222,9.3,89/138,64.5,0/0,0,44/66,66.7,6.5,0.2,0.4,0.7
ZOOSMAN,"ZOOSMAN, YOVEL",YOVEL,Maccabi Playtika Tel Aviv,50,Guard,2.00,"12 May, 1998",Israel,68,240,3.5,62/117,53,27/82,32.9,35/41,85.4,2,0.7,1.2,0.1
ZUBKOV,"ZUBKOV, ANDREY",ANDREY,Zenit St Petersburg,20,Forward,2.06,"29 June, 1991",Russian Federation,105,421,4,109/205,53.2,48/144,33.3,59/85,69.4,1.8,0.3,0.6,0.1
